词	读音	含义	级别	词性	出现次数
為る	する	做；干	N3	noun	308
居る	いる	在（谦逊语）	N5	noun	157
有る	ある	在；存在；有	N5	noun	100
言う	いう	说	N5	noun	64
言う	いう	说	?	verb	64
来る	くる	来	N5	noun	56
来る	くる	来	?	verb	56
行く	いく	去	N5	noun	42
行く	いく	去	?	verb	42
思う	おもう	想；认为	N4	noun	40
日本	にっぽん	日本	N3	noun	40
思う	おもう	想/觉得	?	verb	40
人	ひと	人	N5	noun	35
見る	みる	看；观看	N5	noun	34
少し	すこし	一点；少许	N5	noun	34
見る	みる	看	?	verb	34
時間	じかん	时间	N5	noun	30
前	まえ	前面	N5	noun	30
日	ひ	日子；太阳	N4	noun	30
良い	よい	好的	N5	noun	29
聞く	きく	听；问	N5	noun	27
聞く	きく	听/问	?	verb	27
方	かた	（敬称）人	N5	noun	24
出る	でる	出去；出现	N5	noun	24
出る	でる	出去/出现	?	verb	24
自分	じぶん	自己	N5	noun	23
中	なか	里面	N5	noun	23
分	ふん	分钟	N5	noun	22
取る	とる	拿取	N5	noun	21
取る	とる	拿/取	?	verb	21
仕事	しごと	工作	N5	noun	20
入る	はいる	进入	N5	noun	20
入る	はいる	进入	?	verb	20
読む	よむ	读	N5	noun	19
読む	よむ	读	?	verb	19
店	みせ	店	N5	noun	18
多い	おおい	多的	N5	noun	18
物	もの	东西	N5	noun	17
書く	かく	写	N5	noun	17
ほど	ほど	程度	N4	noun	17
書く	かく	写	?	verb	17
目	め	眼睛	N5	noun	15
新しい	あたらしい	新的	N5	noun	15
最初	さいしょ	最初	N4	noun	14
部屋	へや	房间	N5	noun	14
駅	えき	车站	N5	noun	14
使う	つかう	使用	N5	noun	14
分かる	わかる	明白	N5	noun	14
過ぎる	すぎる	经过；过度	N4	noun	14
使う	つかう	用	?	verb	14
分かる	わかる	明白	?	verb	14
問題	もんだい	问题	N5	noun	13
早い	はやい	早的/快的	N5	noun	13
窓口	まどぐち	窗口	N2	noun	13
地方	ちほう	地方	N3	noun	12
社会	しゃかい	社会	N4	noun	12
必要	ひつよう	必要的	N4	noun	12
食べる	たべる	吃	N5	noun	12
持つ	もつ	拿；持有	N5	noun	12
教える	おしえる	教；告诉	N5	noun	12
生活	せいかつ	生活	N4	noun	12
食べる	たべる	吃	?	verb	12
教える	おしえる	教/告诉	?	verb	12
持つ	もつ	拿/持有	?	verb	12
子供	こども	孩子	N5	noun	11
今	いま	现在	N5	noun	11
朝	あさ	早上	N5	noun	11
置く	おく	放置	N5	noun	11
作る	つくる	做；制作	N5	noun	11
働く	はたらく	工作	N5	noun	11
選択	せんたく	选择	N4	noun	11
説明	せつめい	说明	N4	noun	11
始める	はじめる	开始（做）	N4	noun	11
考える	かんがえる	思考	N4	noun	11
作る	つくる	做/制作	?	verb	11
考える	かんがえる	思考	?	verb	11
働く	はたらく	工作	?	verb	11
始める	はじめる	开始	?	verb	11
置く	おく	放置	?	verb	11
地域	ちいき	地区	N3	noun	10
電話	でんわ	电话	N5	noun	10
短い	みじかい	短的	N5	noun	10
出す	だす	拿出；寄	N5	noun	10
着く	つく	到达	N5	noun	10
飲む	のむ	喝	N5	noun	10
飲む	のむ	喝	?	verb	10
出す	だす	拿出/提交	?	verb	10
今日	きょう	今天	N5	noun	9
家	いえ/うち	家	N5	noun	9
荷物	にもつ	行李/物品	N5	noun	9
本	ほん	书	N5	noun	9
入れる	いれる	放入	N5	noun	9
終わる	おわる	结束	N5	noun	9
間	あいだ	之间	N4	noun	9
予約	よやく	预约	N4	noun	9
続ける	つづける	继续	N4	noun	9
感ずる	かんずる	感觉	N2	noun	9
入れる	いれる	放入	?	verb	9
終わる	おわる	结束	?	verb	9
続ける	つづける	继续	?	verb	9
相手	あいて	对方	N3	noun	8
薬	くすり	药	N5	noun	8
夜	よる	晚上	N5	noun	8
次	つぎ	下一个	N5	noun	8
場所	ばしょ	地方	N4	noun	8
会社	かいしゃ	公司	N5	noun	8
空気	くうき	空气	N4	noun	8
管理	かんり	管理	N3	noun	8
保険	ほけん	保险	N1	noun	8
安心	あんしん	安心	N4	noun	8
長い	ながい	长的	N5	noun	8
美味しい	おいしい	好吃的	N5	noun	8
楽しい	たのしい	开心的	N5	noun	8
歩く	あるく	走路	N5	noun	8
全部	ぜんぶ	全部	N5	noun	8
選ぶ	えらぶ	选择	N4	noun	8
変わる	かわる	改变	N4	noun	8
大きな	おおきな	大的	N5	noun	8
並ぶ	ならぶ	排队；排列	N5	noun	8
確認	かくにん	确认	N3	noun	8
歩く	あるく	走路	?	verb	8
選ぶ	えらぶ	选择	?	verb	8
変わる	かわる	变化	?	verb	8
並ぶ	ならぶ	排队	?	verb	8
友達	ともだち	朋友	N5	noun	7
喉	のど	喉咙	N4	noun	7
声	こえ	声音	N5	noun	7
熱	ねつ	发烧/热	N4	noun	7
季節	きせつ	季节	N4	noun	7
公園	こうえん	公园	N5	noun	7
環境	かんきょう	环境	N3	noun	7
電車	でんしゃ	电车	N5	noun	7
会話	かいわ	会话	N4	noun	7
連絡	れんらく	联系	N4	noun	7
高い	たかい	高的/贵的	N5	noun	7
難しい	むずかしい	难的	N5	noun	7
近く	ちかく	附近	N5	noun	7
送る	おくる	寄送	N5	noun	7
買う	かう	买	N5	noun	7
話す	はなす	说话	N5	noun	7
待つ	まつ	等	N5	noun	7
もう	もう	已经	N5	noun	7
決める	きめる	决定	N4	noun	7
伝える	つたえる	传达	N3	noun	7
迷う	まよう	迷路；犹豫	N3	noun	7
小さな	ちいさな	小的	N5	noun	7
因る	よる	由于	N3	noun	7
付ける	つける	附加	N3	noun	7
実感	じっかん	实感	N2	noun	7
話す	はなす	说	?	verb	7
買う	かう	买	?	verb	7
待つ	まつ	等	?	verb	7
送る	おくる	送/寄	?	verb	7
決める	きめる	决定	?	verb	7
迷う	まよう	犹豫/迷路	?	verb	7
伝える	つたえる	传达	?	verb	7
客	きゃく	客人	N4	noun	6
体	からだ	身体	N5	noun	6
午後	ごご	下午	N5	noun	6
毎日	まいにち	每天	N5	noun	6
秋	あき	秋天	N5	noun	6
音	おと	声音/响声	N4	noun	6
弁当	べんとう	便当；盒饭	N3	noun	6
野菜	やさい	蔬菜	N5	noun	6
気持ち	きもち	心情/感觉	N4	noun	6
少ない	すくない	少的	N5	noun	6
丁寧	ていねい	礼貌的；仔细的	N4	noun	6
大切	たいせつ	重要的	N5	noun	6
可能	かのう	可能的	N3	noun	6
番号	ばんごう	号码	N5	noun	6
上	うえ	上面	N5	noun	6
掛ける	かける	挂；打（电话）	N5	noun	6
切る	きる	切；剪	N5	noun	6
乗る	のる	乘坐	N5	noun	6
見せる	みせる	给…看	N5	noun	6
引っ越し	ひっこし	搬家	N4	noun	6
続く	つづく	持续	N4	noun	6
増える	ふえる	增加	N4	noun	6
会計	かいけい	会计；结账	N3	noun	6
企業	きぎょう	企业	N2	noun	6
帰り	かえり	回来；归途	N4	noun	6
乗る	のる	乘坐	?	verb	6
切る	きる	切	?	verb	6
増える	ふえる	增加	?	verb	6
続く	つづく	持续	?	verb	6
店員	てんいん	店员	N4	noun	5
来週	らいしゅう	下周	N5	noun	5
週末	しゅうまつ	周末	N4	noun	5
夏	なつ	夏天	N5	noun	5
学校	がっこう	学校	N5	noun	5
大学	だいがく	大学	N5	noun	5
通り	とおり	大街	N4	noun	5
料理	りょうり	菜/料理	N5	noun	5
窓	まど	窗	N5	noun	5
通勤	つうきん	上下班通勤	N3	noun	5
事故	じこ	事故	N4	noun	5
会議	かいぎ	会议	N4	noun	5
文化	ぶんか	文化	N4	noun	5
人口	じんこう	人口	N4	noun	5
現実	げんじつ	现实	N3	noun	5
状況	じょうきょう	状况	N3	noun	5
大きい	おおきい	大的	N5	noun	5
安い	やすい	便宜的	N5	noun	5
静か	しずか	安静的	N5	noun	5
洗う	あらう	洗	N5	noun	5
起きる	おきる	起床；发生	N5	noun	5
覚える	おぼえる	记住	N5	noun	5
住む	すむ	居住	N5	noun	5
始まる	はじまる	开始	N5	noun	5
初めて	はじめて	第一次	N5	noun	5
本当	ほんとう	真的	N5	noun	5
二人	ふたり	两个人	N5	noun	5
以上	いじょう	以上	N4	noun	5
相談	そうだん	商量	N4	noun	5
力	ちから	力量	N4	noun	5
届く	とどく	送达	N4	noun	5
見える	みえる	看得见	N4	noun	5
洗濯	せんたく	洗衣服	N3	noun	5
求める	もとめる	寻求	N3	noun	5
手続き	てつづき	手续	N2	noun	5
普及	ふきゅう	普及	N2	noun	5
一番	いちばん	第一；第一名	N5	noun	5
もっと	もっと	更加	N5	noun	5
進む	すすむ	前进	N4	noun	5
引っ越す	ひっこす	搬家	N4	noun	5
例えば	たとえば	例如	N4	noun	5
自動	じどう	自动	N3	noun	5
勧める	すすめる	劝；推荐	N3	noun	5
一方	いっぽう	一方面；另一方面	N3	noun	5
完全	かんぜん	完全	N3	noun	5
記録	きろく	记录	N3	noun	5
都市	とし	都市	N3	noun	5
覚える	おぼえる	记住	?	verb	5
起きる	おきる	起床/发生	?	verb	5
住む	すむ	住	?	verb	5
届く	とどく	到达/送到	?	verb	5
洗う	あらう	洗	?	verb	5
引っ越す	ひっこす	搬家	?	verb	5
進む	すすむ	前进	?	verb	5
皆	みんな	大家	N4	noun	4
家族	かぞく	家人	N5	noun	4
同僚	どうりょう	同事	N3	noun	4
先生	せんせい	老师	N5	noun	4
手	て	手	N5	noun	4
症状	しょうじょう	症状	N3	noun	4
当日	とうじつ	当天	N2	noun	4
近所	きんじょ	附近	N4	noun	4
月	つき	月亮/月份	N4	noun	4
桜	さくら	樱花	N3	noun	4
車	くるま	车	N5	noun	4
営業	えいぎょう	销售/营业	N3	noun	4
予定	よてい	预定/计划	N4	noun	4
授業	じゅぎょう	课；上课	N5	noun	4
経験	けいけん	经验	N4	noun	4
能力	のうりょく	能力	N3	noun	4
練習	れんしゅう	练习	N5	noun	4
料金	りょうきん	费用/资费	N3	noun	4
口座	こうざ	账户	N3	noun	4
報告	ほうこく	报告	N3	noun	4
課題	かだい	课题	N3	noun	4
雰囲気	ふんいき	氛围	N3	noun	4
意味	いみ	意思/意义	N5	noun	4
関係	かんけい	关系	N4	noun	4
写真	しゃしん	照片	N5	noun	4
減少	げんしょう	减少	N3	noun	4
悪い	わるい	坏的	N5	noun	4
広い	ひろい	宽的/广的	N5	noun	4
暑い	あつい	热的（天气）	N5	noun	4
言葉	ことば	语言；话	N5	noun	4
名前	なまえ	名字	N5	noun	4
住所	じゅうしょ	住址	N5	noun	4
勉強	べんきょう	学习	N5	noun	4
外	そと	外面	N5	noun	4
会う	あう	见面	N5	noun	4
知る	しる	知道	N5	noun	4
降る	ふる	下（雨/雪）	N5	noun	4
渡す	わたす	递交	N5	noun	4
好き	すき	喜欢	N5	noun	4
一人	ひとり	一个人	N5	noun	4
形	かたち	形状	N4	noun	4
最近	さいきん	最近	N4	noun	4
特に	とくに	特别	N4	noun	4
変える	かえる	改变（使）	N4	noun	4
探す	さがす	寻找	N4	noun	4
掃除	そうじ	打扫	N3	noun	4
驚く	おどろく	吃惊	N3	noun	4
違う	ちがう	不同	N3	noun	4
減る	へる	减少	N3	noun	4
燃える	もえる	燃烧	N3	noun	4
数	かず	数量	N3	noun	4
表現	ひょうげん	表达	N3	noun	4
同じ	おなじ	相同的	N5	noun	4
買い物	かいもの	购物	N5	noun	4
答える	こたえる	回答	N5	noun	4
案内	あんないする	引导；介绍	N4	noun	4
楽しみ	たのしみ	期待；乐趣	N4	noun	4
重要	じゅうよう	重要	N3	noun	4
順番	じゅんばん	顺序	N3	noun	4
過ごす	すごす	度过	N3	noun	4
全て	すべて	全部	N3	noun	4
笑顔	えがお	笑脸	N3	noun	4
気付く	きづく	注意到	N3	noun	4
航空	こうくう	航空	N3	noun	4
友人	ゆうじん	友人	N3	noun	4
注文	ちゅうもん	注文	N3	noun	4
会う	あう	见面	?	verb	4
知る	しる	知道	?	verb	4
渡す	わたす	交给	?	verb	4
探す	さがす	找	?	verb	4
変える	かえる	改变	?	verb	4
減る	へる	减少	?	verb	4
驚く	おどろく	惊讶	?	verb	4
驚く	おどろく	吃惊	?	verb	4
過ごす	すごす	度过	?	verb	4
私	わたし	我	N5	noun	3
若者	わかもの	年轻人	N4	noun	3
警察	けいさつ	警察	N4	noun	3
耳	みみ	耳朵	N5	noun	3
首	くび	脖子	N4	noun	3
痛み	いたみ	疼痛	N3	noun	3
健康	けんこう	健康	N3	noun	3
未来	みらい	未来	N3	noun	3
過去	かこ	过去	N3	noun	3
昨日	きのう	昨天	N5	noun	3
夕方	ゆうがた	傍晚	N5	noun	3
午前	ごぜん	上午	N5	noun	3
先週	せんしゅう	上周	N5	noun	3
来月	らいげつ	下个月	N5	noun	3
春	はる	春天	N5	noun	3
冬	ふゆ	冬天	N5	noun	3
薬局	やっきょく	药店	N2	noun	3
本屋	ほんや	书店	N4	noun	3
向こう	むこう	对面	N5	noun	3
天気	てんき	天气	N5	noun	3
雨	あめ	雨	N5	noun	3
食事	しょくじ	餐/饭	N4	noun	3
味噌	みそ	味噌（日式豆酱）	N4	noun	3
味	あじ	味道	N4	noun	3
鍵	かぎ	钥匙	N5	noun	3
傘	かさ	伞	N5	noun	3
袋	ふくろ	袋子	N3	noun	3
服	ふく	衣服	N5	noun	3
遅延	ちえん	延迟/晚点	N3	noun	3
契約	けいやく	合同	N3	noun	3
試験	しけん	考试	N4	noun	3
留学	りゅうがく	留学	N3	noun	3
文法	ぶんぽう	语法	N4	noun	3
現金	げんきん	现金	N3	noun	3
家賃	やちん	房租	N3	noun	3
無料	むりょう	免费	N3	noun	3
世界	せかい	世界	N4	noun	3
情報	じょうほう	信息	N3	noun	3
意見	いけん	意见	N4	noun	3
理由	りゆう	理由	N4	noun	3
我慢	がまん	忍耐	N3	noun	3
事実	じじつ	事实	N3	noun	3
信頼	しんらい	信赖	N3	noun	3
傾向	けいこう	趋势	N3	noun	3
種類	しゅるい	种类	N3	noun	3
趣味	しゅみ	爱好	N4	noun	3
音楽	おんがく	音乐	N5	noun	3
観光	かんこう	观光	N3	noun	3
花見	はなみ	赏花	N4	noun	3
軽い	かるい	轻的	N5	noun	3
痛い	いたい	疼的	N5	noun	3
正しい	ただしい	正确的	N4	noun	3
強い	つよい	强的	N5	noun	3
深い	ふかい	深的	N4	noun	3
十分	じゅうぶん	充分的	N4	noun	3
簡単	かんたん	简单的	N4	noun	3
複雑	ふくざつ	复杂的	N4	noun	3
大丈夫	だいじょうぶ	没关系；没事	N5	noun	3
面倒	めんどう	麻烦的	N3	noun	3
外国	がいこく	外国	N5	noun	3
半	はん	半	N5	noun	3
休み	やすみ	休息；假日	N5	noun	3
紙	かみ	纸	N5	noun	3
開ける	あける	打开	N5	noun	3
遊ぶ	あそぶ	玩	N5	noun	3
生まれる	うまれる	出生	N5	noun	3
押す	おす	推；按	N5	noun	3
借りる	かりる	借入	N5	noun	3
困る	こまる	为难	N5	noun	3
座る	すわる	坐	N5	noun	3
立つ	たつ	站立	N5	noun	3
欲しい	ほしい	想要	N5	noun	3
大変	たいへん	辛苦；非常	N5	noun	3
運転	うんてん	驾驶	N4	noun	3
直す	なおす	修理；改正	N4	noun	3
利用	りよう	利用	N4	noun	3
頑張る	がんばる	加油；努力	N4	noun	3
決まる	きまる	被决定	N4	noun	3
済む	すむ	完成	N4	noun	3
頼む	たのむ	拜托	N4	noun	3
残る	のこる	剩余	N4	noun	3
向かう	むかう	前往	N4	noun	3
戻る	もどる	返回	N4	noun	3
階	かい	楼层	N3	noun	3
断る	ことわる	拒绝	N3	noun	3
外す	はずす	取下	N3	noun	3
守る	まもる	保护；遵守	N3	noun	3
行動	こうどう	行动	N3	noun	3
広げる	ひろげる	展开	N3	noun	3
ちゃんと	ちゃんと	好好地	N3	noun	3
処方	しょほう	处方	N2	noun	3
資源	しげん	资源	N2	noun	3
世代	せだい	世代	N2	noun	3
行事	ぎょうじ	活动	N2	noun	3
就職	しゅうしょく	就业	N2	noun	3
支援	しえん	支援	N2	noun	3
感覚	かんかく	感觉	N2	noun	3
至る	いたる	到达	N2	noun	3
落ち着く	おちつく	冷静	N2	noun	3
朝御飯	あさごはん	早餐	N5	noun	3
着る	きる	穿上；戴上；穿	N5	noun	3
御飯	ごはん	米饭；饭；餐	N5	noun	3
こんな	こんな	这样的；像这样	N5	noun	3
沢山	たくさん	很多	N5	noun	3
疲れる	つかれる	疲倦；累	N5	noun	3
鳴る	なる	响；鸣	N4	noun	3
今度	こんど	这次；下次	N4	noun	3
そんな	そんな	这样的	N4	noun	3
無くなる	なくなる	消失；没有了	N4	noun	3
以内	いない	以内	N4	noun	3
連れる	つれる	带领	N4	noun	3
空く	あく	打开	N4	noun	3
遅れる	おくれる	迟到；晚了	N4	noun	3
代わり	かわり	替代	N4	noun	3
上がる	あがる	上升；进入	N4	noun	3
大分	だいぶ	相当地	N4	noun	3
更に	さらに	更加；进一步	N3	noun	3
実際	じっさい	实际上	N3	noun	3
集中	しゅうちゅう	集中	N3	noun	3
精神	せいしん	精神	N3	noun	3
以前	いぜん	以前	N3	noun	3
依頼	いらい	依赖	N3	noun	3
受け取る	うけとる	收到	N3	noun	3
菓子	かし	点心；糕点	N3	noun	3
緊張	きんちょう	紧张	N3	noun	3
個人	こじん	个人	N3	noun	3
向く	むく	朝向	N3	noun	3
向ける	むける	朝向	N3	noun	3
文字	もじ	文字	N3	noun	3
労働	ろうどう	劳动	N3	noun	3
対する	たいする	面向	N3	noun	3
図書	としょ	图书	N3	noun	3
人気	にんき	人气；受欢迎	N3	noun	3
配達	はいたつ	配送；投递	N3	noun	3
一言	ひとこと	一句话	N3	noun	3
不足	ふそく	不足	N3	noun	3
敬語	けいご	敬语	N2	noun	3
商店	しょうてん	商店	N2	noun	3
入社	にゅうしゃ	入职；进公司	N2	noun	3
身分	みぶん	身分	N2	noun	3
漸く	ようやく	好不容易	N2	noun	3
開ける	あける	打开	?	verb	3
立つ	たつ	站	?	verb	3
座る	すわる	坐	?	verb	3
借りる	かりる	借入	?	verb	3
決まる	きまる	决定（自动）	?	verb	3
直す	なおす	修理/改正	?	verb	3
上がる	あがる	上升	?	verb	3
下がる	さがる	下降	?	verb	3
遊ぶ	あそぶ	玩	?	verb	3
困る	こまる	为难	?	verb	3
疲れる	つかれる	累	?	verb	3
頼む	たのむ	拜托	?	verb	3
断る	ことわる	拒绝	?	verb	3
守る	まもる	保护/遵守	?	verb	3
着る	きる	穿	?	verb	3
戻る	もどる	返回	?	verb	3
向かう	むかう	前往	?	verb	3
頑張る	がんばる	努力	?	verb	3
遅れる	おくれる	迟到/延迟	?	verb	3
空く	あく/すく	空/饿	?	verb	3
生まれる	うまれる	出生	?	verb	3
母	はは	母亲	N5	noun	2
上司	じょうし	上司	N3	noun	2
顔	かお	脸	N5	noun	2
口	くち	嘴	N5	noun	2
歯	は	牙齿	N5	noun	2
肩	かた	肩膀	N3	noun	2
心	こころ	心	N4	noun	2
風邪	かぜ	感冒	N5	noun	2
検査	けんさ	检查	N3	noun	2
疲れ	つかれ	疲劳	N3	noun	2
明日	あした	明天	N5	noun	2
昼	ひる	中午	N5	noun	2
深夜	しんや	深夜	N2	noun	2
来年	らいねん	明年	N5	noun	2
平日	へいじつ	工作日	N2	noun	2
締め切り	しめきり	截止日期	N2	noun	2
途中	とちゅう	途中/中途	N4	noun	2
最後	さいご	最后	N4	noun	2
風呂	ふろ	浴室；澡堂	N5	noun	2
銀行	ぎんこう	银行	N5	noun	2
役所	やくしょ	政府办事处	N2	noun	2
地元	じもと	当地	N1	noun	2
都会	とかい	城市	N3	noun	2
空	そら	天空	N5	noun	2
風	かぜ	风	N5	noun	2
災害	さいがい	灾害	N1	noun	2
山	やま	山	N5	noun	2
木	き	树	N5	noun	2
水	みず	水	N5	noun	2
匂い	におい	气味	N4	noun	2
自然	しぜん	自然	N3	noun	2
食べ物	たべもの	食物	N5	noun	2
飲み物	のみもの	饮料	N5	noun	2
麺	めん	面条	N3	noun	2
肉	にく	肉	N5	noun	2
定食	ていしょく	套餐	N1	noun	2
携帯	けいたい	手机	N3	noun	2
布団	ふとん	被褥	N4	noun	2
椅子	いす	椅子	N5	noun	2
壁	かべ	墙壁	N4	noun	2
浴衣	ゆかた	浴衣（日式夏季和服）	N2	noun	2
免許	めんきょ	驾照	N3	noun	2
品質	ひんしつ	品质	N1	noun	2
面接	めんせつ	面试	N3	noun	2
印鑑	いんかん	印章	N1	noun	2
卒業	そつぎょう	毕业	N4	noun	2
入学	にゅうがく	入学	N4	noun	2
小銭	こぜに	零钱	N3	noun	2
値段	ねだん	价格	N4	noun	2
収入	しゅうにゅう	收入	N3	noun	2
国	くに	国家	N5	noun	2
政府	せいふ	政府	N3	noun	2
自由	じゆう	自由	N4	noun	2
制度	せいど	制度	N3	noun	2
結果	けっか	结果	N3	noun	2
影響	えいきょう	影响	N3	noun	2
不安	ふあん	不安	N3	noun	2
後悔	こうかい	后悔	N3	noun	2
思い出	おもいで	回忆	N3	noun	2
約束	やくそく	约定；承诺	N4	noun	2
失敗	しっぱい	失败	N4	noun	2
変化	へんか	变化	N3	noun	2
苦労	くろう	辛苦	N3	noun	2
余裕	よゆう	余裕/从容	N3	noun	2
存在	そんざい	存在	N3	noun	2
条件	じょうけん	条件	N3	noun	2
対応	たいおう	对应/处理	N1	noun	2
小説	しょうせつ	小说	N4	noun	2
雑誌	ざっし	杂志	N5	noun	2
作品	さくひん	作品	N3	noun	2
増加	ぞうか	增加	N3	noun	2
小さい	ちいさい	小的	N5	noun	2
若い	わかい	年轻的	N5	noun	2
近い	ちかい	近的	N5	noun	2
重い	おもい	重的	N5	noun	2
冷たい	つめたい	冰的/冷漠的	N5	noun	2
赤い	あかい	红的	N5	noun	2
忙しい	いそがしい	忙的	N5	noun	2
暇	ひま	空闲；闲暇	N5	noun	2
優しい	やさしい	温柔的	N4	noun	2
美しい	うつくしい	美丽的	N4	noun	2
便利	べんり	方便的	N5	noun	2
親切	しんせつ	亲切的	N4	noun	2
大事	だいじ	重要的	N4	noun	2
無理	むり	勉强；不合理	N4	noun	2
上手	じょうず	擅长；高明	N5	noun	2
曖昧	あいまい	含糊的	N2	noun	2
不思議	ふしぎ	不可思议	N3	noun	2
新鮮	しんせん	新鲜的	N3	noun	2
深刻	しんこく	严重的	N3	noun	2
独特	どくとく	独特的	N3	noun	2
意外	いがい	意外的	N3	noun	2
正直	しょうじき	诚实的	N3	noun	2
豊か	ゆたか	丰富的	N3	noun	2
鏡	かがみ	镜子	N5	noun	2
下	した	下面	N5	noun	2
止まる	とまる	停止	N5	noun	2
払う	はらう	支付	N5	noun	2
休む	やすむ	休息	N5	noun	2
呼ぶ	よぶ	叫；邀请	N5	noun	2
忘れる	わすれる	忘记	N5	noun	2
席	せき	座位	N4	noun	2
足りる	たりる	足够	N4	noun	2
日記	にっき	日记	N4	noun	2
謝る	あやまる	道歉	N4	noun	2
受ける	うける	接受	N4	noun	2
動く	うごく	动	N4	noun	2
落とす	おとす	掉落（使）	N4	noun	2
落ちる	おちる	掉落	N4	noun	2
乾く	かわく	干燥	N4	noun	2
聞こえる	きこえる	听得见	N4	noun	2
調べる	しらべる	调查	N4	noun	2
捨てる	すてる	扔掉	N4	noun	2
似る	にる	相似	N4	noun	2
止める	とめる	停止（使）	N4	noun	2
沸く	わく	沸腾	N4	noun	2
笑う	わらう	笑	N4	noun	2
担当	たんとう	负责	N3	noun	2
休憩	きゅうけい	休息	N3	noun	2
技術	ぎじゅつ	技术	N3	noun	2
急ぐ	いそぐ	急	N3	noun	2
追う	おう	追赶	N3	noun	2
行う	おこなう	进行	N3	noun	2
認める	みとめる	承认	N3	noun	2
式	しき	仪式	N3	noun	2
画面	がめん	画面	N3	noun	2
量	りょう	量	N3	noun	2
背景	はいけい	背景	N3	noun	2
達成	たっせい	达成	N3	noun	2
集まる	あつまる	聚集	N3	noun	2
支える	ささえる	支撑	N3	noun	2
避ける	さける	避开	N3	noun	2
繋がる	つながる	连接	N3	noun	2
広がる	ひろがる	扩展	N3	noun	2
すっかり	すっかり	完全	N3	noun	2
経営	けいえい	经营	N2	noun	2
具体	ぐたい	具体	N2	noun	2
築く	きずく	建造	N2	noun	2
習慣	しゅうかん	习惯	N2	noun	2
育児	いくじ	育儿	N2	noun	2
物件	ぶっけん	房产	N2	noun	2
職場	しょくば	职场	N2	noun	2
評価	ひょうか	评价	N2	noun	2
当てる	あてる	命中；分配	N2	noun	2
重なる	かさなる	重叠	N2	noun	2
傾く	かたむく	倾斜	N2	noun	2
注ぐ	そそぐ	倒；注入	N2	noun	2
見直す	みなおす	重新审视	N2	noun	2
開く	あく	打开	N5	noun	2
一緒	いっしょ	一起	N5	noun	2
どんな	どんな	什么样的	N5	noun	2
寝る	ねる	睡觉；to go to sleep；to go to bed	N5	noun	2
必ず	かならず	一定；必定	N4	noun	2
時代	じだい	时代	N4	noun	2
寄る	よる	顺路去	N4	noun	2
間違える	まちがえる	弄错	N4	noun	2
どんどん	どんどん	不断地；越来越	N4	noun	2
交通	こうつう	交通	N4	noun	2
はっきり	はっきり	清楚地	N4	noun	2
凄い	すごい	厉害；了不起	N4	noun	2
一杯	いっぱい	满的；一杯	N4	noun	2
大体	だいたい	大致；大概	N4	noun	2
そろそろ	そろそろ	很快	N4	noun	2
手伝う	てつだう	帮助	N4	noun	2
会場	かいじょう	会场	N4	noun	2
合う	あう	合适；匹配	N4	noun	2
出発	しゅっぱつする	出发	N4	noun	2
濡れる	ぬれる	弄湿	N4	noun	2
全然	ぜんぜん	完全（不）；根本	N4	noun	2
眠る	ねむる	睡觉	N4	noun	2
様々	さまざま	各种各样的	N3	noun	2
児童	じどう	儿童	N3	noun	2
修理	しゅうり	修理	N3	noun	2
商品	しょうひん	商品	N3	noun	2
証明	しょうめい	证明	N3	noun	2
食品	しょくひん	食品	N3	noun	2
明かり	あかり	灯光	N3	noun	2
温かい	あたたかい	暖的	N3	noun	2
当たり前	あたりまえ	理所当然	N3	noun	2
一般	いっぱん	一般	N3	noun	2
以来	いらい	以来	N3	noun	2
開始	かいし	开始	N3	noun	2
感じ	かんじ	感觉	N3	noun	2
乾燥	かんそう	干燥	N3	noun	2
完了	かんりょう	完了；结束	N3	noun	2
機械	きかい	机械	N3	noun	2
記入	きにゅう	填写	N3	noun	2
暮らし	くらし	生活	N3	noun	2
結局	けっきょく	结果；到头来	N3	noun	2
言語	げんご	言语	N3	noun	2
現代	げんだい	现代	N3	noun	2
検討	けんとう	探讨；研究	N3	noun	2
高速	こうそく	高速	N3	noun	2
候補	こうほ	候补	N3	noun	2
今後	こんご	今後	N3	noun	2
魅力	みりょく	魅力	N3	noun	2
様子	ようす	样子	N3	noun	2
予報	よほう	预报	N3	noun	2
全員	ぜんいん	全员	N3	noun	2
全国	ぜんこく	全国	N3	noun	2
操作	そうさ	操作	N3	noun	2
体温	たいおん	体温	N3	noun	2
助かる	たすかる	得救；帮大忙了	N3	noun	2
付く	つく	附着；带有	N3	noun	2
繋ぐ	つなぐ	连接；系上	N3	noun	2
提出	ていしゅつ	提出	N3	noun	2
手間	てま	工夫；费事	N3	noun	2
解ける	とける	解开；能解决	N3	noun	2
取れる	とれる	掉落；取得	N3	noun	2
流す	ながす	冲走；流放	N3	noun	2
流れる	ながれる	流动；流淌	N3	noun	2
抜ける	ぬける	脱落	N3	noun	2
願う	ねがう	希望；请求	N3	noun	2
年間	ねんかん	年间	N3	noun	2
残り	のこり	剩余	N3	noun	2
乗せる	のせる	让…乘坐；放在…上	N3	noun	2
伸びる	のびる	伸展；增长	N3	noun	2
測る	はかる	测量	N3	noun	2
引っ張る	ひっぱる	拉；拽；拖延	N3	noun	2
普段	ふだん	平时；平常	N3	noun	2
変更	へんこう	变更	N3	noun	2
学ぶ	まなぶ	学习	N3	noun	2
以降	いこう	以后；…以来	N2	noun	2
延長	えんちょう	延长	N2	noun	2
却って	かえって	反而；反倒	N2	noun	2
格別	かくべつ	格外；特别	N2	noun	2
貸し出し	かしだし	借出；出租	N2	noun	2
公共	こうきょう	公共	N2	noun	2
敷く	しく	铺；铺设	N2	noun	2
自治	じち	自治	N2	noun	2
指定	してい	指定	N2	noun	2
受験	じゅけん	受验	N2	noun	2
送別	そうべつ	送别	N2	noun	2
送料	そうりょう	邮费；运费	N2	noun	2
但し	ただし	但是；不过	N2	noun	2
調整	ちょうせい	调整	N2	noun	2
追加	ついか	追加	N2	noun	2
通ずる	つうずる	引导	N2	noun	2
日時	にちじ	日期和时间	N2	noun	2
話し掛ける	はなしかける	搭话；跟…说话	N2	noun	2
目安	めやす	标准；大致目标	N2	noun	2
忘れる	わすれる	忘记	?	verb	2
休む	やすむ	休息	?	verb	2
寝る	ねる	睡	?	verb	2
受ける	うける	接受/参加	?	verb	2
払う	はらう	付钱	?	verb	2
落とす	おとす	掉落	?	verb	2
落ちる	おちる	落下/不合格	?	verb	2
集まる	あつまる	聚集	?	verb	2
動く	うごく	动	?	verb	2
止まる	とまる	停止	?	verb	2
急ぐ	いそぐ	赶快	?	verb	2
笑う	わらう	笑	?	verb	2
謝る	あやまる	道歉	?	verb	2
手伝う	てつだう	帮忙	?	verb	2
調べる	しらべる	调查/查	?	verb	2
捨てる	すてる	扔	?	verb	2
追う	おう	追	?	verb	2
足りる	たりる	足够	?	verb	2
合う	あう	合适/相合	?	verb	2
混む	こむ	拥挤	?	verb	2
間違える	まちがえる	搞错	?	verb	2
引き受ける	ひきうける	承担	?	verb	2
夫婦	ふうふ	夫妻	N3	noun	1
父	ちち	父亲	N5	noun	1
娘	むすめ	女儿	N4	noun	1
社員	しゃいん	员工	N4	noun	1
学生	がくせい	学生	N5	noun	1
作家	さっか	作家	N3	noun	1
頭	あたま	头	N5	noun	1
腕	うで	手臂	N4	noun	1
胸	むね	胸	N3	noun	1
腰	こし	腰	N3	noun	1
血	ち	血	N4	noun	1
髪	かみ	头发	N4	noun	1
息	いき	呼吸	N3	noun	1
怪我	けが	受伤	N4	noun	1
傷	きず	伤口	N3	noun	1
視力	しりょく	视力	N3	noun	1
ストレス	ストレス	压力	N3	noun	1
毎朝	まいあさ	每天早上	N5	noun	1
毎晩	まいばん	每天晚上	N5	noun	1
毎週	まいしゅう	每周	N5	noun	1
毎月	まいつき	每月	N5	noun	1
今週	こんしゅう	这周	N5	noun	1
先月	せんげつ	上个月	N5	noun	1
今年	ことし	今年	N5	noun	1
休日	きゅうじつ	假日	N5	noun	1
期間	きかん	期间	N3	noun	1
期限	きげん	期限	N3	noun	1
瞬間	しゅんかん	瞬间	N3	noun	1
一瞬	いっしゅん	一瞬间	N3	noun	1
直前	ちょくぜん	之前/紧接前	N2	noun	1
始まり	はじまり	开始	N3	noun	1
終わり	おわり	结束	N4	noun	1
前回	ぜんかい	上次	N1	noun	1
今回	こんかい	这次	N3	noun	1
次回	じかい	下次	N4	noun	1
前日	ぜんじつ	前一天	N4	noun	1
玄関	げんかん	玄关；门厅	N5	noun	1
廊下	ろうか	走廊	N5	noun	1
地下	ちか	地下	N3	noun	1
ベランダ	ベランダ	阳台	N4	noun	1
教室	きょうしつ	教室	N5	noun	1
コンビニ	コンビニ	便利店	N5	noun	1
スーパー	スーパー	超市	N5	noun	1
レストラン	レストラン	餐厅	N5	noun	1
食堂	しょくどう	食堂	N5	noun	1
居酒屋	いざかや	日式酒馆	N3	noun	1
カフェ	カフェ	咖啡店	N4	noun	1
神社	じんじゃ	神社（日本神道教的）	N4	noun	1
空港	くうこう	机场	N4	noun	1
ホーム	ホーム	站台	N3	noun	1
改札	かいさつ	检票口	N2	noun	1
出口	でぐち	出口	N5	noun	1
ホテル	ホテル	酒店	N5	noun	1
旅館	りょかん	旅馆	N4	noun	1
温泉	おんせん	温泉	N2	noun	1
プール	プール	游泳池	N5	noun	1
道	みち	路；道路	N5	noun	1
角	かど	拐角	N5	noun	1
真ん中	まんなか	正中间	N4	noun	1
隣	となり	旁边	N5	noun	1
気温	きおん	气温	N3	noun	1
気候	きこう	气候	N3	noun	1
雲	くも	云	N4	noun	1
雪	ゆき	雪	N5	noun	1
氷	こおり	冰	N3	noun	1
海	うみ	海	N5	noun	1
土	つち	土	N3	noun	1
犬	いぬ	狗	N5	noun	1
ご飯	ごはん	米饭/饭	N5	noun	1
パン	パン	面包	N5	noun	1
塩	しお	盐	N5	noun	1
スープ	スープ	汤	N3	noun	1
レシピ	レシピ	食谱	N3	noun	1
刺身	さしみ	生鱼片	N2	noun	1
天ぷら	てんぷら	天妇罗	N4	noun	1
ラーメン	ラーメン	拉面	N4	noun	1
そば	そば	荞麦面	N5	noun	1
カレー	カレー	咖喱	N5	noun	1
おにぎり	おにぎり	饭团	N4	noun	1
鍋	なべ	火锅	N3	noun	1
コーヒー	コーヒー	咖啡	N5	noun	1
牛乳	ぎゅうにゅう	牛奶	N5	noun	1
ビール	ビール	啤酒	N3	noun	1
酒	さけ	酒	N3	noun	1
財布	さいふ	钱包	N5	noun	1
眼鏡	めがね	眼镜	N5	noun	1
時計	とけい	钟表	N5	noun	1
スマホ	スマホ	智能手机	N4	noun	1
テレビ	テレビ	电视	N5	noun	1
エアコン	エアコン	空调	N4	noun	1
カメラ	カメラ	相机	N5	noun	1
タオル	タオル	毛巾	N3	noun	1
シャンプー	シャンプー	洗发水	N4	noun	1
ゴミ	ゴミ	垃圾	N5	noun	1
箱	はこ	箱子	N5	noun	1
箸	はし	筷子	N5	noun	1
コップ	コップ	杯子	N5	noun	1
テーブル	テーブル	桌子	N5	noun	1
棚	たな	架子	N4	noun	1
引き出し	ひきだし	抽屉	N4	noun	1
ドア	ドア	门	N5	noun	1
床	ゆか	地板	N3	noun	1
カーテン	カーテン	窗帘	N4	noun	1
ジャケット	ジャケット	夹克	N4	noun	1
ボタン	ボタン	纽扣	N5	noun	1
サイズ	サイズ	尺码	N1	noun	1
切符	きっぷ	车票	N5	noun	1
片道	かたみち	单程	N2	noun	1
往復	おうふく	往返	N2	noun	1
急行	きゅうこう	快车	N4	noun	1
ラッシュ	ラッシュ	高峰	N3	noun	1
ガソリン	ガソリン	汽油	N4	noun	1
打ち合わせ	うちあわせ	碰头会	N2	noun	1
資料	しりょう	资料	N2	noun	1
企画	きかく	企划	N1	noun	1
商談	しょうだん	商谈	N3	noun	1
取引	とりひき	交易	N1	noun	1
人事	じんじ	人事	N2	noun	1
総務	そうむ	总务	N3	noun	1
開発	かいはつ	开发	N1	noun	1
プロジェクト	プロジェクト	项目	N3	noun	1
チーム	チーム	团队	N3	noun	1
メンバー	メンバー	成员	N3	noun	1
目標	もくひょう	目标	N3	noun	1
成果	せいか	成果	N1	noun	1
コスト	コスト	成本	N3	noun	1
転勤	てんきん	调职	N1	noun	1
クレーム	クレーム	投诉	N3	noun	1
トラブル	トラブル	问题/麻烦	N1	noun	1
合格	ごうかく	及格/合格	N3	noun	1
進学	しんがく	升学	N3	noun	1
宿題	しゅくだい	作业	N5	noun	1
単語	たんご	单词	N3	noun	1
努力	どりょく	努力	N3	noun	1
復習	ふくしゅう	复习	N4	noun	1
価格	かかく	价格	N3	noun	1
費用	ひよう	费用	N3	noun	1
税金	ぜいきん	税	N3	noun	1
振り込み	ふりこみ	转账	N3	noun	1
レシート	レシート	小票	N3	noun	1
割引	わりびき	折扣	N2	noun	1
経済	けいざい	经济	N4	noun	1
投資	とうし	投资	N1	noun	1
義務	ぎむ	义务	N3	noun	1
犯罪	はんざい	犯罪	N3	noun	1
ルール	ルール	规则	N3	noun	1
マナー	マナー	礼仪	N3	noun	1
歴史	れきし	历史	N4	noun	1
国際	こくさい	国际	N4	noun	1
ボランティア	ボランティア	志愿者	N3	noun	1
ニュース	ニュース	新闻	N5	noun	1
データ	データ	数据	N3	noun	1
調査	ちょうさ	调查	N3	noun	1
発表	はっぴょう	发表	N3	noun	1
賛成	さんせい	赞成	N3	noun	1
反対	はんたい	反对	N4	noun	1
批判	ひはん	批判	N3	noun	1
対策	たいさく	对策	N2	noun	1
解決	かいけつ	解决	N3	noun	1
原因	げんいん	原因	N4	noun	1
効果	こうか	效果	N3	noun	1
怒り	いかり	愤怒	N3	noun	1
感動	かんどう	感动	N3	noun	1
反省	はんせい	反省	N3	noun	1
自信	じしん	自信	N4	noun	1
勇気	ゆうき	勇气	N3	noun	1
希望	きぼう	希望	N3	noun	1
関心	かんしん	关心	N3	noun	1
プレッシャー	プレッシャー	压迫感	N3	noun	1
印象	いんしょう	印象	N3	noun	1
イメージ	イメージ	印象/形象	N3	noun	1
誤解	ごかい	误解	N3	noun	1
人生	じんせい	人生	N3	noun	1
きっかけ	きっかけ	契机	N2	noun	1
タイミング	タイミング	时机	N1	noun	1
成功	せいこう	成功	N3	noun	1
挑戦	ちょうせん	挑战	N3	noun	1
成長	せいちょう	成长	N3	noun	1
進歩	しんぽ	进步	N3	noun	1
限界	げんかい	极限	N3	noun	1
本音	ほんね	真心话	N1	noun	1
レベル	レベル	水平	N3	noun	1
特徴	とくちょう	特征	N3	noun	1
範囲	はんい	范围	N3	noun	1
立場	たちば	立场	N3	noun	1
役割	やくわり	角色	N3	noun	1
つながり	つながり	联系/纽带	N2	noun	1
手段	しゅだん	手段	N3	noun	1
スポーツ	スポーツ	运动	N5	noun	1
旅行	りょこう	旅行	N5	noun	1
花火	はなび	烟花	N2	noun	1
紅葉	こうよう	红叶	N2	noun	1
SNS	エスエヌエス	社交媒体	N3	noun	1
アプリ	アプリ	应用软件	N3	noun	1
サイト	サイト	网站	N3	noun	1
ネット	ネット	网络	N3	noun	1
メール	メール	邮件	N3	noun	1
LINE	ライン	LINE（通讯软件）	N3	noun	1
リスク	リスク	风险	N3	noun	1
メリット	メリット	优点	N3	noun	1
バランス	バランス	平衡	N3	noun	1
ポイント	ポイント	要点/积分	N1	noun	1
テーマ	テーマ	主题	N2	noun	1
ケース	ケース	情况/案例	N3	noun	1
タイプ	タイプ	类型	N4	noun	1
サービス	サービス	服务	N3	noun	1
ライフスタイル	ライフスタイル	生活方式	N3	noun	1
エコ	エコ	环保	N3	noun	1
キャッシュレス	キャッシュレス	无现金	N3	noun	1
まな板	まないた	砧板	N3	noun	1
レジ	レジ	收银台	N4	noun	1
半額	はんがく	半价	N3	noun	1
診察	しんさつ	看诊	N3	noun	1
眼科	がんか	眼科	N1	noun	1
シフト	シフト	排班	N3	noun	1
敷金	しききん	押金	N3	noun	1
礼金	れいきん	礼金	N3	noun	1
感染	かんせん	感染	N1	noun	1
協力	きょうりょく	合作	N3	noun	1
停電	ていでん	停电	N3	noun	1
箱根	はこね	箱根温泉胜地	N5	noun	1
古い	ふるい	旧的	N5	noun	1
遠い	とおい	远的	N5	noun	1
狭い	せまい	窄的	N5	noun	1
厚い	あつい	厚的	N5	noun	1
薄い	うすい	薄的/淡的	N5	noun	1
細い	ほそい	细的	N5	noun	1
明るい	あかるい	明亮的/开朗的	N5	noun	1
白い	しろい	白的	N5	noun	1
黄色い	きいろい	黄的	N5	noun	1
甘い	あまい	甜的/天真的	N5	noun	1
面白い	おもしろい	有趣的	N5	noun	1
嬉しい	うれしい	高兴的	N4	noun	1
寂しい	さびしい	寂寞的	N4	noun	1
怖い	こわい	害怕的	N4	noun	1
恥ずかしい	はずかしい	害羞的	N4	noun	1
懐かしい	なつかしい	怀念的	N2	noun	1
眠い	ねむい	困的	N4	noun	1
だるい	だるい	无力的/懒的	N1	noun	1
苦しい	くるしい	痛苦的	N3	noun	1
厳しい	きびしい	严格的/严峻的	N4	noun	1
可愛い	かわいい	可爱的	N5	noun	1
ひどい	ひどい	过分的/严重的	N4	noun	1
望ましい	のぞましい	理想的/希望的	N1	noun	1
蒸し暑い	むしあつい	闷热的	N3	noun	1
元気	げんき	精神好的	N5	noun	1
有名	ゆうめい	有名的	N5	noun	1
不便	ふべん	不方便的	N4	noun	1
安全	あんぜん	安全的	N4	noun	1
残念	ざんねん	遗憾的	N4	noun	1
得意	とくい	擅长；得意洋洋	N3	noun	1
正確	せいかく	准确的	N3	noun	1
急	きゅう	急的/突然的	N4	noun	1
確か	たしか	确实的	N4	noun	1
素敵	すてき	很棒的	N3	noun	1
普通	ふつう	普通的	N4	noun	1
柔軟	じゅうなん	灵活的	N1	noun	1
無駄	むだ	浪费的/没用的	N3	noun	1
有効	ゆうこう	有效的	N3	noun	1
不利	ふり	不利的	N3	noun	1
子ども	こども	孩子	N5	noun	1
町	まち	城镇	N5	noun	1
村	むら	村庄	N5	noun	1
一日	いちにち	一天	N5	noun	1
ノート	のーと	笔记本	N5	noun	1
地図	ちず	地图	N5	noun	1
答え	こたえ	回答	N5	noun	1
左	ひだり	左	N5	noun	1
閉める	しめる	关闭	N5	noun	1
ある	ある	有（物）	N5	noun	1
いる	いる	有（人/动物）	N5	noun	1
要る	いる	需要	N5	noun	1
返す	かえす	归还	N5	noun	1
帰る	かえる	回去	N5	noun	1
咲く	さく	开花	N5	noun	1
撮る	とる	拍照	N5	noun	1
なくす	なくす	弄丢	N5	noun	1
なる	なる	成为	N5	noun	1
貼る	はる	贴	N5	noun	1
もらう	もらう	收到	N5	noun	1
渡る	わたる	过（桥/路）	N5	noun	1
出かける	でかける	出门	N5	noun	1
いつ	いつ	什么时候	N5	noun	1
たくさん	たくさん	很多	N5	noun	1
ちょっと	ちょっと	稍微	N5	noun	1
とても	とても	非常	N5	noun	1
まだ	まだ	还；尚未	N5	noun	1
よく	よく	经常；好好地	N5	noun	1
すぐ	すぐ	马上	N5	noun	1
挨拶	あいさつ	寒暄；打招呼	N4	noun	1
アルバイト	あるばいと	兼职	N4	noun	1
以下	いか	以下	N4	noun	1
以外	いがい	以外	N4	noun	1
教育	きょういく	教育	N4	noun	1
故障	こしょう	故障	N4	noun	1
サラダ	さらだ	沙拉	N4	noun	1
準備	じゅんび	准备	N4	noun	1
紹介	しょうかい	介绍	N4	noun	1
だいたい	だいたい	大约；大体上	N4	noun	1
注意	ちゅうい	注意	N4	noun	1
届ける	とどける	送到	N4	noun	1
泣く	なく	哭	N4	noun	1
慣れる	なれる	习惯	N4	noun	1
昼休み	ひるやすみ	午休	N4	noun	1
見つかる	みつかる	被找到	N4	noun	1
迎える	むかえる	迎接	N4	noun	1
別れる	わかれる	分别	N4	noun	1
育てる	そだてる	培养；养育	N4	noun	1
集める	あつめる	收集	N4	noun	1
生きる	いきる	活着	N4	noun	1
祈る	いのる	祈祷	N4	noun	1
感じる	かんじる	感觉	N4	noun	1
足す	たす	加上	N4	noun	1
助ける	たすける	帮助	N4	noun	1
治る	なおる	痊愈	N4	noun	1
塗る	ぬる	涂；抹	N4	noun	1
冷える	ひえる	变冷	N4	noun	1
間に合う	まにあう	来得及	N4	noun	1
汚れる	よごれる	弄脏	N4	noun	1
詳しい	くわしい	详细的	N4	noun	1
人間	にんげん	人类；人	N3	noun	1
国民	こくみん	国民	N3	noun	1
届	とどけ	申报表	N3	noun	1
会員	かいいん	会员	N3	noun	1
広告	こうこく	广告	N3	noun	1
片付け	かたづけ	收拾	N3	noun	1
エレベーター	えれべーたー	电梯	N3	noun	1
基本	きほん	基本	N3	noun	1
価値	かち	价值	N3	noun	1
満足	まんぞく	满足	N3	noun	1
奪う	うばう	夺取	N3	noun	1
得る	える	获得	N3	noun	1
怒る	おこる	生气	N3	noun	1
限る	かぎる	限制	N3	noun	1
試す	ためす	尝试	N3	noun	1
通る	とおる	通过	N3	noun	1
悩む	なやむ	烦恼	N3	noun	1
目指す	めざす	以…为目标	N3	noun	1
判断	はんだん	判断	N3	noun	1
主張	しゅちょう	主张	N3	noun	1
競争	きょうそう	竞争	N3	noun	1
描く	えがく	画；描写	N3	noun	1
育つ	そだつ	成长	N3	noun	1
耐える	たえる	忍受	N3	noun	1
拾う	ひろう	捡起	N3	noun	1
振り返る	ふりかえる	回头看	N3	noun	1
眩しい	まぶしい	刺眼的	N3	noun	1
明らか	あきらか	明显的	N3	noun	1
適切	てきせつ	恰当的	N3	noun	1
すでに	すでに	已经	N3	noun	1
ずっと	ずっと	一直	N3	noun	1
つい	つい	不由得	N3	noun	1
むしろ	むしろ	倒不如说	N3	noun	1
しっかり	しっかり	牢牢地	N3	noun	1
やっと	やっと	好不容易	N3	noun	1
ようやく	ようやく	终于	N3	noun	1
消費	しょうひ	消费	N2	noun	1
供給	きょうきゅう	供给	N2	noun	1
業務	ぎょうむ	业务	N2	noun	1
納期	のうき	交货期	N2	noun	1
概念	がいねん	概念	N2	noun	1
医療	いりょう	医疗	N2	noun	1
本質	ほんしつ	本质	N2	noun	1
尊厳	そんげん	尊严	N2	noun	1
掲げる	かかげる	举起；提出	N2	noun	1
兼ねる	かねる	兼任	N2	noun	1
仕掛ける	しかける	发起	N2	noun	1
示す	しめす	表示	N2	noun	1
携わる	たずさわる	从事	N2	noun	1
漂う	ただよう	漂浮	N2	noun	1
問う	とう	询问；追究	N2	noun	1
脅かす	おびやかす	威胁	N2	noun	1
過剰	かじょう	过剩的	N2	noun	1
円滑	えんかつ	顺畅的	N2	noun	1
いずれ	いずれ	迟早	N2	noun	1
とりわけ	とりわけ	尤其	N2	noun	1
日常	にちじょう	日常	N2	noun	1
家事	かじ	家务	N2	noun	1
世話	せわ	照顾；关照	N2	noun	1
滞在	たいざい	逗留	N2	noun	1
手当	てあて	补贴；治疗	N2	noun	1
付き合い	つきあい	交往	N2	noun	1
冗談	じょうだん	玩笑	N2	noun	1
在庫	ざいこ	库存	N2	noun	1
改善	かいぜん	改善	N2	noun	1
措置	そち	措施	N2	noun	1
推進	すいしん	推进	N2	noun	1
導入	どうにゅう	引入	N2	noun	1
拡大	かくだい	扩大	N2	noun	1
縮小	しゅくしょう	缩小	N2	noun	1
向上	こうじょう	提高	N2	noun	1
維持	いじ	维持	N2	noun	1
整備	せいび	整备	N2	noun	1
充実	じゅうじつ	充实	N2	noun	1
安定	あんてい	稳定	N2	noun	1
参加	さんか	参加	N2	noun	1
孤独	こどく	孤独	N2	noun	1
水準	すいじゅん	水平	N2	noun	1
弊害	へいがい	弊害	N2	noun	1
打開	だかい	打开局面	N2	noun	1
生かす	いかす	活用	N2	noun	1
切り替える	きりかえる	切换	N2	noun	1
組み合わせる	くみあわせる	组合	N2	noun	1
好む	このむ	喜好	N2	noun	1
込める	こめる	倾注	N2	noun	1
溶け込む	とけこむ	融入	N2	noun	1
取り組む	とりくむ	致力于	N2	noun	1
取り入れる	とりいれる	引进	N2	noun	1
馴染む	なじむ	习惯	N2	noun	1
和らげる	やわらげる	缓和	N2	noun	1
かつて	かつて	曾经	N2	noun	1
上げる	あげる	举起；抬起；抬起	N5	noun	1
アパート	アパート	公寓	N5	noun	1
英語	えいご	英语	N5	noun	1
かかる	かかる	花费（时间、金钱）	N5	noun	1
かける	かける	to dial/call (e.g., phone)；坐下	N5	noun	1
カップ	カップ	杯子	N5	noun	1
カレンダー	カレンダー	日历	N5	noun	1
漢字	かんじ	汉字；Chinese character	N5	noun	1
クラス	クラス	班级	N5	noun	1
結構	けっこう	很好；足够；相当	N5	noun	1
こちら	こちら	this person (polite)；这边	N5	noun	1
散歩	さんぽ (する)	散步	N5	noun	1
しかし	しかし	但是；but	N5	noun	1
締める	しめる	系紧；收紧	N5	noun	1
シャワー	シャワー	淋浴	N5	noun	1
丁度	ちょうど	刚好；正好	N5	noun	1
できる	できる	能够；会	N5	noun	1
どうぞ	どうぞ	请；请便	N5	noun	1
時々	ときどき	有时	N5	noun	1
どちら	どちら	哪边；哪位（敬语）	N5	noun	1
無くす	なくす	弄丢	N5	noun	1
習う	ならう	学；学习	N5	noun	1
ページ	ページ	页	N5	noun	1
ペット	ペット	宠物	N5	noun	1
磨く	みがく	刷（牙）；擦亮	N5	noun	1
みんな	みんな	大家；全部	N5	noun	1
八百屋	やおや	蔬菜店	N5	noun	1
昨夜	ゆうべ	昨晚	N5	noun	1
大抵	たいてい	大致；一般	N4	noun	1
ほとんど	ほとんど	几乎	N4	noun	1
つもり	つもり	计划	N4	noun	1
売り場	うりば	卖场	N4	noun	1
正月	しょうがつ	正月；新年	N4	noun	1
ガラス	ガラス	玻璃	N4	noun	1
エスカレーター	エスカレーター	自动扶梯	N4	noun	1
壊れる	こわれる	打破	N4	noun	1
揺れる	ゆれる	摇晃	N4	noun	1
さっき	さっき	刚才	N4	noun	1
立てる	たてる	竖立；制定（计划）	N4	noun	1
くれる	くれる	给（我/我方）	N4	noun	1
もちろん	もちろん	当然	N4	noun	1
受付	うけつけ	接待处	N4	noun	1
細かい	こまかい	小的；fine, minute	N4	noun	1
都合	つごう	方便；情况	N4	noun	1
片付ける	かたづける	收拾；整理	N4	noun	1
アメリカ	アメリカ	美国	N4	noun	1
中々	なかなか	非常	N4	noun	1
押し入れ	おしいれ	壁橱	N4	noun	1
しばらく	しばらく	暂时；好久	N4	noun	1
計画	けいかくする	计划；项目；日程	N4	noun	1
是非	ぜひ	一定；务必	N4	noun	1
遊び	あそび	玩耍	N4	noun	1
きっと	きっと	一定	N4	noun	1
遠く	とおく	远处	N4	noun	1
返事	へんじ	回答；回复	N4	noun	1
専門	せんもん	专业；专长	N4	noun	1
あげる	あげる	给	N4	noun	1
最も	もっとも	最；最为	N4	noun	1
直る	なおる	修好；恢复	N4	noun	1
仕方	しかた	方法；办法	N4	noun	1
植える	うえる	种植	N4	noun	1
取り替える	とりかえる	更换	N4	noun	1
下げる	さげる	降低；挂	N4	noun	1
乗り換える	のりかえる	电车	N4	noun	1
たまに	たまに	偶尔	N4	noun	1
四季	しき	四季	N3	noun	1
刺激	しげき	刺激	N3	noun	1
支払う	しはらう	支付	N3	noun	1
収穫	しゅうかく	收获	N3	noun	1
重視	じゅうし	重视	N3	noun	1
集団	しゅうだん	集团	N3	noun	1
住民	じゅうみん	居民	N3	noun	1
少々	しょうしょう	稍微；一点点	N3	noun	1
食欲	しょくよく	食欲	N3	noun	1
人工	じんこう	人工	N3	noun	1
慎重	しんちょう	慎重	N3	noun	1
数字	すうじ	数字	N3	noun	1
優れる	すぐれる	优秀	N3	noun	1
進める	すすめる	推进	N3	noun	1
既に	すでに	已经	N3	noun	1
請求	せいきゅう	请求	N3	noun	1
正式	せいしき	正式	N3	noun	1
セット	セット	套装；设置	N3	noun	1
預ける	あずける	寄存；托付	N3	noun	1
温まる	あたたまる	暖和起来	N3	noun	1
温める	あたためる	加热；温暖	N3	noun	1
辺り	あたり	附近	N3	noun	1
集まり	あつまり	集会	N3	noun	1
合わせる	あわせる	配合；对齐	N3	noun	1
慌てる	あわてる	慌张	N3	noun	1
行き	いき	去程	N3	noun	1
勢い	いきおい	气势；势头；趁势	N3	noun	1
意思	いし	意思	N3	noun	1
位置	いち	位置	N3	noun	1
一時	いちじ	一时；暂时	N3	noun	1
一体	いったい	到底；究竟	N3	noun	1
祝う	いわう	祝贺	N3	noun	1
印刷	いんさつ	印刷	N3	noun	1
生まれ	うまれ	出生	N3	noun	1
応援	おうえん	应援	N3	noun	1
教わる	おそわる	被教；学到	N3	noun	1
カード	カード	卡片	N3	noun	1
飼う	かう	饲养	N3	noun	1
香り	かおり	香气	N3	noun	1
確実	かくじつ	确实	N3	noun	1
加減	かげん	调节；状态	N3	noun	1
活用	かつよう	活用；灵活运用	N3	noun	1
考え	かんがえ	想法	N3	noun	1
観客	かんきゃく	观众	N3	noun	1
感謝	かんしゃ	感谢	N3	noun	1
吸収	きゅうしゅう	吸收	N3	noun	1
急速	きゅうそく	急速	N3	noun	1
禁煙	きんえん	禁烟	N3	noun	1
暮らす	くらす	生活	N3	noun	1
グループ	グループ	团体	N3	noun	1
敬意	けいい	敬意	N3	noun	1
計算	けいさん	计算	N3	noun	1
掲示	けいじ	告示	N3	noun	1
化粧	けしょう	化妆	N3	noun	1
交換	こうかん	交换	N3	noun	1
校舎	こうしゃ	校舍	N3	noun	1
コード	コード	代码	N3	noun	1
呼吸	こきゅう	呼吸	N3	noun	1
故郷	こきょう	故乡	N3	noun	1
越す	こす	超过；搬	N3	noun	1
小包	こづつみ	包裹	N3	noun	1
異なる	ことなる	不同	N3	noun	1
好み	このみ	喜好	N3	noun	1
転ぶ	ころぶ	摔倒	N3	noun	1
困難	こんなん	困难	N3	noun	1
最高	さいこう	最高	N3	noun	1
最終	さいしゅう	最终	N3	noun	1
最低	さいてい	最低	N3	noun	1
サイン	サイン	签名	N3	noun	1
作業	さぎょう	作业；工作	N3	noun	1
指す	さす	指；指向	N3	noun	1
座席	ざせき	座席	N3	noun	1
土産	みやげ	特产；伴手礼	N3	noun	1
迎え	むかえ	迎接	N3	noun	1
無視	むし	无视；忽视	N3	noun	1
寧ろ	むしろ	不如说	N3	noun	1
迷惑	めいわく	给人添麻烦	N3	noun	1
申し訳	もうしわけ	道歉	N3	noun	1
唯一	ゆいいつ	唯一	N3	noun	1
郵便	ゆうびん	郵便	N3	noun	1
予測	よそく	预测	N3	noun	1
読み	よみ	读法	N3	noun	1
理解	りかい	理解	N3	noun	1
両替	りょうがえ	兑换	N3	noun	1
列車	れっしゃ	列车	N3	noun	1
医院	いいん	诊所（日本的）	N3	noun	1
遅れ	おくれ	迟到；延迟	N3	noun	1
教え	おしえ	教诲	N3	noun	1
借り	かり	借；欠债	N3	noun	1
享受	きょうじゅ	享受；享有	N3	noun	1
切り	きり	限度；到此为止	N3	noun	1
節約	せつやく	节约	N3	noun	1
責める	せめる	责备；谴责	N3	noun	1
洗剤	せんざい	洗涤剂	N3	noun	1
センター	センター	中心	N3	noun	1
全体	ぜんたい	全体	N3	noun	1
組織	そしき	组织	N3	noun	1
揃える	そろえる	凑齐；整理整齐	N3	noun	1
体育	たいいく	体育	N3	noun	1
大会	たいかい	大会	N3	noun	1
互い	たがい	互相	N3	noun	1
炊く	たく	煮饭；蒸煮	N3	noun	1
焚く	たく	燃烧	N3	noun	1
畳む	たたむ	折叠	N3	noun	1
経つ	たつ	（时间）经过；流逝	N3	noun	1
溜まる	たまる	收集	N3	noun	1
試し	ためし	尝试；试验	N3	noun	1
遅刻	ちこく	迟到	N3	noun	1
駐車	ちゅうしゃ	停车	N3	noun	1
注目	ちゅうもく	注目	N3	noun	1
直接	ちょくせつ	直接	N3	noun	1
伝わる	つたわる	传达	N3	noun	1
続き	つづき	续集；继续	N3	noun	1
積む	つむ	堆积；积累	N3	noun	1
連れ	つれ	同伴	N3	noun	1
定期	ていき	月票；定期	N3	noun	1
適用	てきよう	适用	N3	noun	1
手伝い	てつだい	帮忙	N3	noun	1
徹夜	てつや	通宵	N3	noun	1
電子	でんし	电子	N3	noun	1
問い	とい	问题	N3	noun	1
同時	どうじ	同时	N3	noun	1
到着	とうちゃく	到达	N3	noun	1
解く	とく	解开；解答	N3	noun	1
読書	どくしょ	读书	N3	noun	1
溶ける	とける	融化	N3	noun	1
土地	とち	土地	N3	noun	1
突然	とつぜん	突然	N3	noun	1
ドライブ	ドライブ	兜风	N3	noun	1
内容	ないよう	内容	N3	noun	1
中身	なかみ	中身	N3	noun	1
流れ	ながれ	水流；流向；趋势	N3	noun	1
無し	なし	无	N3	noun	1
鳴らす	ならす	使…响	N3	noun	1
似合う	にあう	适合；相配	N3	noun	1
握る	にぎる	握；捏（寿司）	N3	noun	1
入場	にゅうじょう	入场	N3	noun	1
願い	ねがい	欲望	N3	noun	1
農業	のうぎょう	农业	N3	noun	1
伸ばす	のばす	伸长	N3	noun	1
述べる	のべる	陈述；表达	N3	noun	1
載る	のる	出现	N3	noun	1
吐く	はく	吐；呕吐	N3	noun	1
拍手	はくしゅ	鼓掌	N3	noun	1
働き	はたらき	工作；功能	N3	noun	1
バッグ	バッグ	包	N3	noun	1
発見	はっけん	发现	N3	noun	1
発行	はっこう	发行	N3	noun	1
場面	ばめん	场面	N3	noun	1
販売	はんばい	销售	N3	noun	1
比較	ひかく	比较	N3	noun	1
日付	ひづけ	日期	N3	noun	1
人込み	ひとごみ	人入	N3	noun	1
冷やす	ひやす	冷却；使冷静	N3	noun	1
表情	ひょうじょう	表情	N3	noun	1
深まる	ふかまる	加深	N3	noun	1
拭く	ふく	擦拭	N3	noun	1
服装	ふくそう	服装	N3	noun	1
プラン	プラン	计划	N3	noun	1
触れる	ふれる	触摸	N3	noun	1
ベルト	ベルト	腰带	N3	noun	1
ベンチ	ベンチ	长椅	N3	noun	1
方向	ほうこう	方向	N3	noun	1
マイク	マイク	麦克风	N3	noun	1
間違い	まちがい	错误	N3	noun	1
真っ赤	まっか	通红；纯粹的谎言	N3	noun	1
全く	まったく	完全；简直	N3	noun	1
自己	じこ	自己	N3	noun	1
仕様	しよう	规格；方式	N3	noun	1
進行	しんこう	进行	N3	noun	1
振興	しんこう	振兴	N3	noun	1
申告	しんこく	申报	N3	noun	1
慣らす	ならす	使习惯	N3	noun	1
捲る	めくる	翻；掀	N3	noun	1
ラベル	ラベル	标签	N3	noun	1
表示	ひょうじ	显示；表示	N3	noun	1
圧縮	あっしゅく	压缩	N2	noun	1
一定	いってい	一定；固定	N2	noun	1
浮く	うく	漂浮	N2	noun	1
押さえる	おさえる	按住；压住；抓住	N2	noun	1
伯父	おじ	伯父	N2	noun	1
伯母	おば	伯母	N2	noun	1
恩恵	おんけい	恩惠	N2	noun	1
外部	がいぶ	外部	N2	noun	1
拡充	かくじゅう	扩充	N2	noun	1
箇所	かしょ	处；地方	N2	noun	1
仮名	かな	假名	N2	noun	1
カバー	カバー	封面；覆盖	N2	noun	1
換気	かんき	換气	N2	noun	1
乾杯	かんぱい	干杯	N2	noun	1
着替え	きがえ	换衣服；替换的衣服	N2	noun	1
着替える	きがえる	换衣服	N2	noun	1
切っ掛け	きっかけ	契机；起因	N2	noun	1
客席	きゃくせき	观众席	N2	noun	1
キャンパス	キャンパス	校园	N2	noun	1
休業	きゅうぎょう	停业	N2	noun	1
行列	ぎょうれつ	行列	N2	noun	1
区切る	くぎる	分隔；断句	N2	noun	1
崩す	くずす	破坏	N2	noun	1
配る	くばる	分发；分配	N2	noun	1
継続	けいぞく	继续	N2	noun	1
気配	けはい	气息；迹象	N2	noun	1
コース	コース	课程	N2	noun	1
交差	こうさ	交叉	N2	noun	1
合理	ごうり	合理	N2	noun	1
交流	こうりゅう	交流	N2	noun	1
合流	ごうりゅう	合流	N2	noun	1
作成	さくせい	制作；编写	N2	noun	1
流石	さすが	不愧是	N2	noun	1
姿勢	しせい	姿势；态度	N2	noun	1
下書き	したがき	草稿	N2	noun	1
自宅	じたく	自家	N2	noun	1
縛る	しばる	捆绑	N2	noun	1
締切	しめきり	截止日期	N2	noun	1
終了	しゅうりょう	终了	N2	noun	1
消耗	しょうもう	消耗	N2	noun	1
ショップ	ショップ	商店	N2	noun	1
書店	しょてん	书店	N2	noun	1
信ずる	しんずる	相信	N2	noun	1
水分	すいぶん	水分	N2	noun	1
水曜	すいよう	水曜	N2	noun	1
スライド	スライド	幻灯片	N2	noun	1
成分	せいぶん	成分	N2	noun	1
全力	ぜんりょく	全力	N2	noun	1
測定	そくてい	测定	N2	noun	1
率直	そっちょく	率直；坦率	N2	noun	1
力強い	ちからづよい	有力的；坚强的	N2	noun	1
縮む	ちぢむ	缩小	N2	noun	1
通帳	つうちょう	通账	N2	noun	1
通用	つうよう	通用	N2	noun	1
通路	つうろ	通道	N2	noun	1
繋がり	つながり	联系	N2	noun	1
詰まる	つまる	堵塞；塞满	N2	noun	1
出来上がる	できあがる	完成	N2	noun	1
手首	てくび	手腕	N2	noun	1
手帳	てちょう	手账	N2	noun	1
登場	とうじょう	登场	N2	noun	1
通り掛かる	とおりかかる	路过；碰巧经过	N2	noun	1
長引く	ながびく	拖延；拖长	N2	noun	1
ナンバー	ナンバー	数字	N2	noun	1
俳句	はいく	俳句（日本短诗）	N2	noun	1
発想	はっそう	发想	N2	noun	1
早口	はやくち	说话快	N2	noun	1
バンド	バンド	乐队	N2	noun	1
日当たり	ひあたり	朝阳处；采光	N2	noun	1
引き出す	ひきだす	拉出；提取（存款）	N2	noun	1
一通り	ひととおり	一般的	N2	noun	1
標準	ひょうじゅん	标准	N2	noun	1
ピンク	ピンク	粉色	N2	noun	1
船便	ふなびん	海运；船运	N2	noun	1
部品	ぶひん	零件；配件	N2	noun	1
ブラシ	ブラシ	刷子	N2	noun	1
古里	ふるさと	故乡	N2	noun	1
防犯	ぼうはん	防盗；防范犯罪	N2	noun	1
本来	ほんらい	本来	N2	noun	1
待ち合わせる	まちあわせる	约好见面	N2	noun	1
マンション	マンション	公寓楼	N2	noun	1
恵まれる	めぐまれる	得天独厚	N2	noun	1
メニュー	メニュー	菜单	N2	noun	1
目次	もくじ	目录	N2	noun	1
夜間	やかん	夜间	N2	noun	1
用途	ようと	用途	N2	noun	1
リズム	リズム	节奏	N2	noun	1
冷凍	れいとう	冷冻	N2	noun	1
レンズ	レンズ	镜头	N2	noun	1
ロッカー	ロッカー	储物柜	N2	noun	1
ロビー	ロビー	大厅	N2	noun	1
割と	わりと	比较	N2	noun	1
帰る	かえる	回去	?	verb	1
習う	ならう	学	?	verb	1
閉める	しめる	关闭	?	verb	1
もらう	もらう	收到	?	verb	1
あげる	あげる	给	?	verb	1
返す	かえす	归还	?	verb	1
見つかる	みつかる	被找到	?	verb	1
壊れる	こわれる	坏了	?	verb	1
上げる	あげる	提高	?	verb	1
下げる	さげる	降低	?	verb	1
集める	あつめる	收集	?	verb	1
泣く	なく	哭	?	verb	1
怒る	おこる	生气	?	verb	1
悩む	なやむ	烦恼	?	verb	1
慣れる	なれる	习惯	?	verb	1
助ける	たすける	帮助/救	?	verb	1
片付ける	かたづける	收拾	?	verb	1
転ぶ	ころぶ	摔倒	?	verb	1
拾う	ひろう	捡	?	verb	1
預ける	あずける	寄存	?	verb	1
届ける	とどける	送达/上报	?	verb	1
通る	とおる	通过/经过	?	verb	1
渡る	わたる	过（桥/路）	?	verb	1
つながる	つながる	连接	?	verb	1
間に合う	まにあう	来得及	?	verb	1
感じる	かんじる	感觉	?	verb	1
似合う	にあう	适合	?	verb	1
治る	なおる	痊愈	?	verb	1
生きる	いきる	活	?	verb	1
育てる	そだてる	养育	?	verb	1
慣れる	なれる	习惯	?	verb	1
暮らす	くらす	生活	?	verb	1
振り返る	ふりかえる	回顾	?	verb	1
受け入れる	うけいれる	接受	?	verb	1
